claim_id,output,claim,cited_pdf_pages,checked_pdf_pages,verdict,severity,reviewer_note
QT-F-001,book-final-summary,The author explicitly rejects Edward Gibbon negative assessment of the Eastern Roman Empire.,PDF p. 3,"3,13",citation_error,major,The preface is on physical PDF 13; PDF 3 contains library markings.
QT-F-002,book-final-summary,Two monumental historical works eventually corrected English readers regarding the Byzantine realm.,PDF p. 3,"3,13",citation_error,major,"Finlay and Bury's corrective works are discussed on PDF 13, not 3."
QT-F-003,book-final-summary,The text explicitly acknowledges intellectual debts to George Finlay and John Bury.,PDF p. 4,"4,13,14",citation_error,major,Acknowledgment spans PDF 13-14; physical PDF 4 contains no supporting prose.
QT-F-004,book-final-summary,The narrative emphasizes Byzantine military defense against Saracen expansion.,PDF p. 3,"3,13",citation_error,major,"Saracen defense is a preface theme on PDF 13, not 3."
QT-F-005,book-final-summary,The author also highlights the preservation of classical learning during this period.,PDF p. 3,"3,13",citation_error,major,"Preservation of learning is on PDF 13, not 3."
QT-F-006,book-final-summary,Megarian colonists originally established the settlement over two and a half millennia ago.,PDF p. 27,27,supported,none,Checked against the supplied physical PDF page(s); no material discrepancy found.
QT-F-007,book-final-summary,These merchants actively pursued commercial control over vital Black Sea routes.,PDF p. 30,30,supported,none,Checked against the supplied physical PDF page(s); no material discrepancy found.
QT-F-008,book-final-summary,The peninsula offered unmatched strategic advantages for eastern governance and imperial defense.,PDF p. 30,"29,30",supported_interpretation,minor,Military and commercial advantages are explicit; eastern governance generalizes the source.
QT-F-009,book-final-summary,The city maintained political freedom during its first three hundred years.,PDF p. 31,31,qualification_lost,major,Oman explicitly excepts thirty years under Persian kings from the first three hundred years of freedom.
QT-F-010,book-final-summary,Roman administration eventually stripped its autonomous status under Emperor Vespasian.,PDF p. 34,34,supported,none,Checked against the supplied physical PDF page(s); no material discrepancy found.
QT-F-011,book-final-summary,A prolonged siege ultimately destroyed the settlement under Emperor Severus in nineteen hundred and ninety-six.,PDF p. 35,35,chronology_error,critical,Source reads AD 196. The final repeats the intermediate summary's nineteen hundred and ninety-six.
QT-F-012,book-final-summary,Constantine unified the Roman world after defeating Licinius near the city walls.,PDF p. 38,38,supported,none,Checked against the supplied physical PDF page(s); no material discrepancy found.
QT-F-013,book-final-summary,He required a centralized administrative hub near the Danube frontier.,PDF p. 41,"41,42",citation_error,minor,The direct Danube-location requirement is on PDF 42; PDF 41 provides the broader problem.
QT-F-014,book-final-summary,Rome proved geographically inconvenient for military campaigns and eastern governance.,PDF p. 41,41,supported,none,Checked against the supplied physical PDF page(s); no material discrepancy found.
QT-F-015,book-final-summary,Constantine selected the fortified Megarian settlement for its strategic commercial advantages.,PDF p. 43,43,supported,none,Checked against the supplied physical PDF page(s); no material discrepancy found.
QT-F-016,book-final-summary,The new capital served simultaneously as an imperial residence and trading center.,PDF p. 41,41,supported,none,Checked against the supplied physical PDF page(s); no material discrepancy found.
QT-F-017,book-final-summary,"He consecrated the city on May 11, 330, dedicating it to Christian worship.",PDF p. 55,"54,55",citation_error,moderate,The date is on PDF 54. PDF 55 supports the Christian dedication.
QT-F-018,book-final-summary,The imperial government distributed free grain to attract settlers and maintain civic stability.,PDF p. 55,55,unsupported_motive,moderate,"Attracting immigrants is explicit. Maintaining civic stability is added as a motive, while Oman calls the grant demoralizing."
QT-F-019,book-final-summary,"Documents styled the metropolis as New Rome, though residents used its founder name.",PDF p. 56,56,supported,none,Checked against the supplied physical PDF page(s); no material discrepancy found.
QT-F-020,book-final-summary,The expanded plan encompassed the entire peninsula and seven distinct hills.,PDF p. 44,44,qualification_lost,moderate,The all-seven-hills boundary occurs within the account introduced as a later legend.
QT-F-021,book-final-summary,Officials constructed the Milion milestone to measure eastern imperial distances.,PDF p. 45,45,supported,none,Checked against the supplied physical PDF page(s); no material discrepancy found.
QT-F-022,book-final-summary,The massive Hippodrome fostered intense rivalry between the Blues and Greens.,PDF p. 48,48,supported,none,Checked against the supplied physical PDF page(s); no material discrepancy found.
QT-F-023,book-final-summary,These sporting factions frequently influenced political appointments and public order.,PDF p. 48,48,overbroad,minor,Political faction involvement is supported; frequent influence over appointments is more specific than this page.
QT-F-024,book-final-summary,The narrative traces severe political instability following Theodosius death in the year 395.,PDF p. 70,"70,73",supported_with_locator_drift,minor,PDF 70 gives Theodosius's death and weak successors; factional instability is developed on PDF 73.
QT-F-025,book-final-summary,"Huns invaded Gothic territories around 372, forcing refugees toward the Danube.",PDF p. 61,61,supported,none,Checked against the supplied physical PDF page(s); no material discrepancy found.
QT-F-026,book-final-summary,Emperor Valens permitted approximately two hundred thousand refugees to cross in 376.,PDF p. 62,"62,63",scope_error,major,"The quoted source says no less than 200,000 fighting men, besides women, older men, and children. It is not the total refugee count."
QT-F-027,book-final-summary,Provincial corruption and severe grain shortages triggered a violent Gothic revolt.,PDF p. 63,63,supported,none,Checked against the supplied physical PDF page(s); no material discrepancy found.
QT-F-028,book-final-summary,Gothic cavalry decisively defeated Roman forces at Adrianople in 378.,PDF p. 66,"65,66",citation_error,minor,The battle and cavalry action are on PDF 66; 378 is supplied on PDF 65.
QT-F-029,book-final-summary,The author notes this catastrophe marked a permanent shift in imperial tactics.,PDF p. 66,"66,67",citation_error,moderate,The explicit permanent reorganization claim is on PDF 67.
QT-F-030,book-final-summary,Theodosius later pacified the region by enlisting Gothic warbands into imperial service.,PDF p. 68,68,supported,none,Checked against the supplied physical PDF page(s); no material discrepancy found.
QT-F-031,book-final-summary,Gothic commanders Gainas and Alaric exploited court divisions to launch independent campaigns.,PDF p. 73,"73,74,75",overbroad,moderate,PDF 73 contrasts Gainas's court manipulation with Alaric's independent military revolt. The sentence merges those activities.
QT-F-032,book-final-summary,Alaric abandoned the Balkans to launch a major invasion into Italy.,PDF p. 74,"74,75",citation_error,moderate,"The actual invasion of Italy is on PDF 75, not 74."
QT-F-033,book-final-summary,Patriarch John Chrysostom clashed repeatedly with Empress Eudoxia over court morality.,PDF p. 78,78,supported,none,Checked against the supplied physical PDF page(s); no material discrepancy found.
QT-F-034,book-final-summary,The author attributes the patriarchal exile to personal rivalry rather than doctrine.,PDF p. 79,79,supported,none,Checked against the supplied physical PDF page(s); no material discrepancy found.
QT-F-035,book-final-summary,Later emperors gradually stabilized the realm through careful administrative reform.,PDF p. 80,"80,81",supported_with_compression,minor,"The cited example is minister Anthemius under Theodosius II. It supports administrative stabilization, less directly the plural emperors."
QT-F-036,book-final-summary,Justinian ultimately inherited a wealthy treasury and a fully reformed military establishment.,PDF p. 97,97,overbroad,minor,"The source describes an intact treasury and army in good order, not a completed comprehensive military reform."
QT-F-037,book-final-summary,The Blues and Greens factions evolved into serious political parties by his reign.,PDF p. 101,101,supported,none,Checked against the supplied physical PDF page(s); no material discrepancy found.
QT-F-038,book-final-summary,Rioting erupted in January five hundred thirty-two when the emperor ordered executions.,PDF p. 15,"15,101,102",citation_and_sequence_error,major,Physical PDF 15 is contents. PDF 101 says street riots preceded the execution order; the botched execution then escalated unrest.
QT-F-039,book-final-summary,A botched hanging ignited six days of desperate urban violence.,PDF p. 14,"14,102",citation_error,major,"Botched hanging and ensuing six days appear on PDF 102, not preface page 14."
QT-F-040,book-final-summary,Empress Theodora delivered a defiant speech that persuaded the emperor to stand and fight.,PDF p. 14,"14,105",citation_error,major,"Theodora's speech and its effect appear on PDF 105, not 14."
QT-F-041,book-final-summary,General Belisarius led the remaining guards into the Hippodrome and massacred the rebels.,PDF p. 13,"13,102,105,106",citation_error,major,"Belisarius's force and assault are on PDF 102 and 105-106, not preface page 13."
QT-F-042,book-final-summary,Contemporary sources claim that thirty-five thousand men perished during this civil disturbance.,PDF p. 12,"12,106",citation_error,major,"The casualty statement is correctly qualified and scoped to the civil disturbance, but cites copyright page 12 instead of PDF 106."
QT-F-043,book-final-summary,The suppression of the urban revolt freed Justinian to pursue territorial reconquest.,PDF p. 15,"15,107",citation_error,major,"The causal link is explicit on PDF 107, not contents page 15."
QT-F-044,book-final-summary,Belisarius commanded a modest expeditionary force and defeated the Vandal army within a single year.,PDF p. 14,"14,110,111",citation_error,major,"The modest expedition and Vandal defeat are on PDF 110-111, not preface page 14."
QT-F-045,book-final-summary,The conflict in Italy finally concluded in five hundred fifty-three after a prolonged campaign.,PDF p. 122,"121,122,124",citation_error,moderate,The source explicitly dates the final Italian conquest to 553 on PDF 124. PDF 122 describes its aftermath.
QT-F-046,book-final-summary,The relentless western campaigns exhausted the empire and attracted renewed Persian aggression.,PDF p. 17,"17,124,127",citation_error,major,Persian alarm at western conquests is on PDF 124; wartime fiscal exhaustion is on PDF 127. PDF 17 is contents.
QT-F-047,book-final-summary,A devastating plague struck Constantinople in five hundred forty-two and killed thousands daily.,PDF p. 14,"14,127",citation_error,major,"The plague date and mortality account are on PDF 127, not 14."
QT-F-048,book-final-summary,Justinian himself contracted the disease and gradually lost his formidable organizational capacity.,PDF p. 12,"12,128,129",citation_error,major,"Illness and reduced organizational energy are discussed on PDF 128-129, not copyright page 12."
QT-F-049,book-final-summary,His later reign became preoccupied with theological disputes and architectural projects.,PDF p. 14,"14,128,129,132",citation_and_scope_error,moderate,"Late theological absorption is supported on PDF 128-129. Architecture is a reign-wide achievement on PDF 132, not explicitly a new late-life preoccupation. PDF 14 is preface."
QT-F-050,book-final-summary,The three emperors who succeeded Justinian struggled to maintain imperial authority.,PDF p. 15,"15,140,141",citation_error,major,"The three successors and their difficulties are on PDF 140-141, not contents page 15."
QT-F-051,book-final-summary,The Lombards crossed the Alps in the year five hundred sixty-eight and conquered northern Italy.,PDF p. 15,"15,142",citation_error,major,"The Lombard invasion is on PDF 142, not contents page 15."
QT-F-052,book-final-summary,Avar horsemen and Slavic settlers invaded the Balkan peninsula in increasing numbers.,PDF p. 13,"13,148,152",citation_error,major,"The invasions are described on PDF 148-152, not preface page 13."
QT-F-053,book-final-summary,"The Roman garrison retreated to the Danube line, while General Priscus conducted futile raids.",PDF p. 152,152,reversed_subject,major,The garrisons remained along the Danube. The civilian population's limit fell back to the Balkans; the model invents a garrison retreat to the Danube.
QT-F-054,book-final-summary,Emperor Maurice eventually fell due to wartime failures and a controversial refusal to ransom prisoners.,PDF p. 152,"152,153",supported_with_omission,minor,Both underlying causes are supplied. PDF 153 distinguishes the immediate trigger: the order to winter north of the Danube.
QT-F-055,book-final-summary,Centurion Phocas led the mutineers to Constantinople and executed the imperial family in 602.,PDF p. 153,153,overbroad,minor,Phocas's orders killed Maurice and five sons. The source does not say here that every imperial family member was executed.
QT-F-056,book-final-summary,African exarch Heraclius successfully overthrew the tyrant and assumed the imperial throne in 610.,PDF p. 156,"156,157",misidentification,critical,The African exarch was the father. His namesake son led the fleet and became emperor.
QT-F-057,book-final-summary,His strategic campaigns between 622 and 627 successfully cleared Asia Minor of enemy forces.,PDF p. 161,161,supported_with_compression,minor,"Six campaigns ran 622-627, but clearing Asia Minor was specifically the first."
QT-F-058,book-final-summary,"Heraclius delivered a decisive blow at Nineveh, which led to Chosroes murder.",PDF p. 164,164,qualification_lost,major,The decisive defeat is supported. Chosroes's death has competing accounts: rage/despair or starvation. Murder is not established.
QT-F-059,book-final-summary,The 628 peace treaty restored all occupied territories and the sacred True Cross.,PDF p. 164,"164,165",citation_error,minor,Treaty conditions are on PDF 164; March 628 is on PDF 165.
QT-F-060,book-final-summary,This magnificent victory occurred precisely as Arab forces began their relentless territorial expansion.,PDF p. 165,"165,184,185",citation_error,moderate,"The source's juxtaposition of victory, exhaustion, and Arab emergence appears on PDF 184-185, not 165."
QT-F-061,book-final-summary,Both empires were completely exhausted by their prolonged mutual warfare.,PDF p. 184,184,supported,none,Checked against the supplied physical PDF page(s); no material discrepancy found.
QT-F-062,book-final-summary,Roman defeats at Ajnadin and the eventual fall of Jerusalem marked a catastrophic turning point.,PDF p. 188,"188,189",citation_error,minor,Ajnadin is on PDF 188; Jerusalem's fall is on PDF 189.
QT-F-063,book-final-summary,Heraclius died in 641 while his remaining provinces crumbled under continuous Arab pressure.,PDF p. 189,"189,190",citation_error,moderate,Heraclius's death in 641 appears on PDF 190.
QT-F-064,book-final-summary,Social transformation occurred extensively from the reign of Constantine to Heraclius.,PDF p. 167,167,supported,none,Checked against the supplied physical PDF page(s); no material discrepancy found.
QT-F-065,book-final-summary,Latin gradually vanished from administration as Christian moral reforms abolished gladiatorial games.,PDF p. 168,"168,169,170,171",citation_error,moderate,Latin's decline is developed on PDF 169-170; the gladiatorial account is on PDF 171. The wording combines two distinct processes.
QT-F-066,book-final-summary,"Monasticism expanded rapidly, though the author explicitly critiques its withdrawal from civic responsibilities.",PDF p. 173,"173,174,175",citation_error,moderate,"The monasticism critique is on PDF 174-175, not 173."
QT-F-067,book-final-summary,Constantine IV subsequently preserved the empire by successfully resisting a massive Arab siege.,PDF p. 170,"170,196,197",citation_error,major,"Physical PDF 170 discusses language. The siege is on PDF 196, whose printed page is 170."
QT-F-068,book-final-summary,The strategic deployment of Greek fire secured a crucial naval victory.,PDF p. 170,"170,196",citation_and_qualification_error,major,"The naval victory is on physical PDF 196. Oman calls identification with Greek fire probable, not certain."
QT-F-069,book-final-summary,The empire also reorganized its provincial administration into a standardized military theme system.,PDF p. 167,"167,193,194",citation_error,major,Physical PDF 167 starts social history. The Theme system is on PDF 193-194; 167 is a printed-page number.
QT-F-070,book-final-summary,Leo the Isaurian established a fragile regime after successfully defending the capital against a Saracen siege.,PDF p. 211,"211,284",chronology_error,major,Leo had been crowned five months before the siege began. The sentence places establishing his regime after the defense.
QT-F-071,book-final-summary,He subsequently launched a rigorous campaign against religious image veneration and popular superstitions.,PDF p. 216,"215,216,218",citation_and_attribution_error,moderate,PDF 216 contains Oman's judgment of superstition. Leo's specific campaign is on PDF 218.
QT-F-072,book-final-summary,"His son Constantine V pursued much harsher policies, forcibly closing monasteries and executing opponents.",PDF p. 223,223,supported,none,Checked against the supplied physical PDF page(s); no material discrepancy found.
QT-F-073,book-final-summary,The Isaurian line eventually collapsed after Empress Irene blinded her son and ruled independently.,PDF p. 225,225,supported,none,Checked against the supplied physical PDF page(s); no material discrepancy found.
QT-F-074,book-final-summary,Basil the Macedonian usurped the throne in 867 and established an enduring dynasty.,PDF p. 240,240,supported,none,Checked against the supplied physical PDF page(s); no material discrepancy found.
QT-F-075,book-final-summary,The empire maintained supreme commercial dominance by routing all Eastern goods through Bosphorus warehouses.,PDF p. 251,251,overbroad_scope,moderate,"The source specifies Eastern products reaching Italy or France, not every Eastern good everywhere. Its monopoly argument is Oman's interpretation."
QT-F-076,book-final-summary,Nicephorus Phocas commanded spectacular campaigns that recaptured Crete in 961.,PDF p. 254,254,supported,none,Checked against the supplied physical PDF page(s); no material discrepancy found.
QT-F-077,book-final-summary,Basil II pursued relentless warfare for nearly five decades against Bulgaria.,PDF p. 265,"265,266,267,268",scope_and_citation_error,major,The 49-year reign is confused with Bulgarian warfare. PDF 268 gives 34 years for Basil's duel with Samuel; PDF 265 concerns Zimisces's death.
QT-F-078,book-final-summary,The empire reached its maximum territorial extent upon his death in 1025.,PDF p. 270,270,supported_source_claim,none,This is Oman's own maximum-extent formulation. No external historical correction is imposed.
QT-F-079,book-final-summary,Subsequent rulers proved entirely unequal to maintaining Basilian achievements.,PDF p. 270,270,unattributed_interpretation,moderate,Preserves Oman's sweeping judgment but presents it as established fact.
QT-F-080,book-final-summary,Romanus IV suffered a catastrophic defeat at Manzikert in 1071.,PDF p. 280,280,supported,none,Checked against the supplied physical PDF page(s); no material discrepancy found.
QT-F-081,book-final-summary,His capture triggered a devastating civil war that paralyzed central authority.,PDF p. 281,"281,282",citation_error,moderate,PDF 281 begins the personal aftermath; the civil wars and collapsed authority are on PDF 282.
QT-F-082,book-final-summary,Alexius Comnenus seized power in 1081 amid widespread territorial loss.,PDF p. 283,"282,283,284",citation_error,moderate,The explicit 1081 setting appears on PDF 284.
QT-F-083,book-final-summary,The author describes him as a skilled but morally ambiguous ruler who prioritized survival.,PDF p. 283,283,supported,none,Checked against the supplied physical PDF page(s); no material discrepancy found.
QT-F-084,book-final-summary,The Crusades ultimately diverted western trade away from Constantinople toward Italian merchant republics.,PDF p. 293,"293,294",supported_with_locator_drift,minor,Oman's trade-diversion explanation spans both pages.
QT-F-085,book-final-summary,Venetian commercial interests later diverted the Fourth Crusade toward Constantinople.,PDF p. 305,305,supported,none,Checked against the supplied physical PDF page(s); no material discrepancy found.
QT-F-086,book-final-summary,Crusader leaders agreed to restore the blind Isaac II to the throne.,PDF p. 306,"306,307",citation_error,minor,The offer begins on PDF 306; acceptance and motives continue on PDF 307.
QT-F-087,book-final-summary,Frankish soldiers then systematically plundered Constantinople for three days in 1204.,PDF p. 315,"315,316",citation_error,moderate,PDF 315 describes possession of the city; the three-day sack is on PDF 316.
QT-F-088,book-final-summary,Baldwin of Flanders subsequently established a Latin Empire that quickly proved unsustainable.,PDF p. 318,"318,319,324",supported_with_compression,minor,Baldwin's election is supported; rapid weakness is a broader judgment from subsequent narrative.
QT-F-089,book-final-summary,"Greek resistance rapidly consolidated into three successor states centered at Nicaea, Trebizond, and Epirus.",PDF p. 324,"324,325,326",citation_error,moderate,PDF 324 names Nicaea and Trebizond. Epirus appears in the continuation on PDF 326.
QT-F-090,book-final-summary,Michael Paleologus later recovered Constantinople in 1261 after discovering the Latin garrison unprepared.,PDF p. 330,"330,331",misattribution_and_citation_error,major,"The 1261 surprise attack is on PDF 331 and was carried out by Alexius Strategopulus under Michael, not personally discovered and led by Michael."
QT-F-091,book-final-summary,Andronicus II compounded these structural weaknesses by hiring the violent Grand Company of mercenaries.,PDF p. 342,"342,343,344",citation_error,major,PDF 342 is an illustration. Hiring the Grand Company appears on PDF 343.
QT-F-092,book-final-summary,Turkish forces concurrently exploited Byzantine military neglect to conquer substantial portions of Asia Minor.,PDF p. 344,"339,341,344",supported_with_locator_drift,minor,PDF 344 says the Company abandoned Asia to the Turks; the larger neglect and conquest argument is on PDF 339-341.
QT-F-093,book-final-summary,"Andronicus III died in 1341, leaving his diminished dominions to a young nine-year-old heir.",PDF p. 351,351,supported,none,Checked against the supplied physical PDF page(s); no material discrepancy found.
QT-F-094,book-final-summary,Prime minister John Cantacuzenus seized this political opportunity to usurp the imperial throne.,PDF p. 351,351,supported,none,Checked against the supplied physical PDF page(s); no material discrepancy found.
QT-F-095,book-final-summary,Cantacuzenus proved an ineffective ruler plagued by fatal procrastination and ingrained superstition.,PDF p. 351,351,unattributed_interpretation,moderate,"This is Oman's character judgment, which the summary presents without attribution."
QT-F-096,book-final-summary,Stephen Dushan of Servia and the Ottoman emir Orkhan promptly answered his desperate military call.,PDF p. 351,"351,353,354",citation_error,major,"The summons and assistance appear on PDF 353-354, not 351. Promptly is stronger than the stated sequence."
QT-F-097,book-final-summary,Murad I crossed into Europe and rapidly dismantled the remaining Byzantine territory.,PDF p. 353,"353,355,356",citation_error,major,"Murad's crossing and conquests are on PDF 355-356, not 353."
QT-F-098,book-final-summary,Manuel II skillfully navigated the chaos following the Battle of Angora in 1402.,PDF p. 354,"354,360,361,362",citation_error,major,"Manuel's response to Angora is on PDF 360-362, not the 1340s narrative on PDF 354."
QT-F-099,book-final-summary,He failed to exploit Turkish disunity because Hungarian forces remained occupied by Hussite conflicts.,PDF p. 354,"354,360,362,363",scope_and_citation_error,major,Oman discusses Europe's missed opportunity and Sigismund's northern commitments. Manuel did exploit disunity to regain land. PDF 354 concerns Cantacuzenus.
QT-F-100,book-final-summary,Constantine XI assumed power in 1448 under deeply divided and hostile circumstances.,PDF p. 355,"355,368,369",citation_error,major,"Accession in 1448 and hostility are on PDF 368-369, not 355."
QT-F-101,book-final-summary,Sultan Mohammed II prepared a systematic siege that began in the spring of 1453.,PDF p. 355,"355,369,370,372",citation_error,major,"Preparations and April 1453 siege are on PDF 369-372, not 355."
QT-F-102,book-final-summary,"The city fell on May 29, 1453, after fierce resistance near the Gate of St. Romanus.",PDF p. 355,"355,373,374",citation_error,major,"Date, gate, and resistance are on PDF 373-374, not 355."
QT-F-103,book-final-summary,"Constantine perished in the final assault, and the Ottoman sultan entered St. Sophia.",PDF p. 355,"355,374,375",citation_error,major,"Constantine's death and St. Sophia entry are on PDF 374-375, not 355."
QT-F-104,book-final-summary,The source material relies heavily on monastic chroniclers who deliberately minimized administrative achievements.,PDF p. 220,"13,14,220",overgeneralization,major,PDF 220 criticizes monkish accounts of Leo's reforms specifically. It does not establish this behavior across all sources used by Oman.
QT-F-105,book-final-summary,The author acknowledges that precise details regarding legal and financial reforms remain largely unrecorded.,PDF p. 220,220,overgeneralization,moderate,Missing details concern Leo's reforms; the sentence generalizes to legal and financial reform throughout the book.
QT-F-106,book-final-summary,Uncertainty surrounds several historical details regarding Theodora biography and Eudocia exile.,"PDF p. 92, 93","82,83,92,93",citation_error,moderate,Theodora's uncertainty is on PDF 92-93; Eudocia's exile is on PDF 82-83.
QT-F-107,book-final-summary,Contemporary historians frequently recorded conflicting accounts of court scandals and military outcomes.,PDF p. 92,92,unsupported_generalization,moderate,"The cited passage questions one hostile account of Theodora, not frequent conflicting military outcomes."
QT-F-108,book-final-summary,The text offers limited analysis of economic mechanisms underlying the capital commercial dominance.,PDF p. 250,"250,251,293,294",overbroad_limitation,moderate,PDF 250 begins the commercial discussion. PDF 251 explains naval protection and monopoly; PDF 293-294 explains trade diversion and tax privileges.
QT-F-109,book-final-summary,The narrative omits detailed administrative records and relies on contemporary literary accounts for military details.,PDF p. 15,"14,15,138,193,194,220",unsupported_limitation,major,"Physical PDF 15 is contents. The preface describes selected chroniclers; administrative mechanisms are discussed on PDF 138, 193-194, and 220."
QT-F-110,book-final-summary,Certain casualty figures and supernatural anecdotes require careful verification against independent archaeological evidence.,PDF p. 13,"13,29,44,106,127",unsupported_attribution,major,"Independent archaeological verification is the model's recommendation, not a claim supported by the cited preface. It is not identified as an external recommendation."
QT-F-111,book-final-summary,The provided text terminates before detailing the actual Latin conquest of the capital in 1204.,PDF p. 300,"300,301,310,311,314,316,375,376",false_absence,critical,The entire 396-page source was processed. Actual Latin conquest and final Ottoman conquest are supplied; the final itself narrates them.
QT-F-112,book-final-summary,Readers cannot determine how the author intends to resolve the narrative regarding the final collapse.,PDF p. 300,"300,372,373,374,375,376",false_absence,critical,The ending explicitly narrates the final siege and collapse. This repeats a stale intermediate boundary warning.
QT-F-113,book-final-summary,"Consequently, scholars examining this excerpt must rely on external texts to evaluate the complete trajectory.",PDF p. 300,"300,372,373,374,375,376",false_conclusion,major,The stated need for external texts follows the false claim that the supplied narrative ends before 1204.
