"elapsed_seconds","adapter","counter","bytes"
"6.0414611","other-adapter-1","dedicated usage","0"
"6.0415369","other-adapter-2","dedicated usage","270336"
"6.0415481","primary-benchmark-adapter","dedicated usage","5294907392"
"6.041569","other-adapter-1","shared usage","0"
"6.0415791","other-adapter-2","shared usage","0"
"6.041589","primary-benchmark-adapter","shared usage","20086784"
"6.0416091","other-adapter-1","local usage","0"
"6.0416194","other-adapter-2","local usage","270336"
"6.0416288","primary-benchmark-adapter","local usage","5026471936"
"6.0416496","other-adapter-1","non local usage","0"
"6.0416612","other-adapter-2","non local usage","0"
"6.0416709","primary-benchmark-adapter","non local usage","20086784"
"12.0635141","other-adapter-1","dedicated usage","0"
"12.0635848","other-adapter-2","dedicated usage","270336"
"12.0635958","primary-benchmark-adapter","dedicated usage","13597073408"
"12.0636166","other-adapter-1","shared usage","0"
"12.0636268","other-adapter-2","shared usage","0"
"12.0636366","primary-benchmark-adapter","shared usage","20086784"
"12.0636562","other-adapter-1","local usage","0"
"12.0636661","other-adapter-2","local usage","270336"
"12.0636756","primary-benchmark-adapter","local usage","13328703488"
"12.0636974","other-adapter-1","non local usage","0"
"12.0637071","other-adapter-2","non local usage","0"
"12.0637166","primary-benchmark-adapter","non local usage","20086784"
"18.0970358","other-adapter-1","dedicated usage","0"
"18.0971322","other-adapter-2","dedicated usage","270336"
"18.0971438","primary-benchmark-adapter","dedicated usage","21905465344"
"18.0971783","other-adapter-1","shared usage","0"
"18.0971884","other-adapter-2","shared usage","0"
"18.0971981","primary-benchmark-adapter","shared usage","20086784"
"18.0972186","other-adapter-1","local usage","0"
"18.0972289","other-adapter-2","local usage","270336"
"18.0972541","primary-benchmark-adapter","local usage","21637029888"
"18.0972763","other-adapter-1","non local usage","0"
"18.0973036","other-adapter-2","non local usage","0"
"18.0973134","primary-benchmark-adapter","non local usage","20086784"
"24.1390342","other-adapter-1","dedicated usage","0"
"24.1391325","other-adapter-2","dedicated usage","270336"
"24.1391438","primary-benchmark-adapter","dedicated usage","22297436160"
"24.1391648","other-adapter-1","shared usage","0"
"24.1391752","other-adapter-2","shared usage","0"
"24.139185","primary-benchmark-adapter","shared usage","24281088"
"24.1392057","other-adapter-1","local usage","0"
"24.1392159","other-adapter-2","local usage","270336"
"24.1392257","primary-benchmark-adapter","local usage","22297436160"
"24.1392478","other-adapter-1","non local usage","0"
"24.139258","other-adapter-2","non local usage","0"
"24.1392676","primary-benchmark-adapter","non local usage","24281088"
"30.1754397","other-adapter-1","dedicated usage","0"
"30.1755444","other-adapter-2","dedicated usage","270336"
"30.1755558","primary-benchmark-adapter","dedicated usage","22297567232"
"30.1755774","other-adapter-1","shared usage","0"
"30.1755878","other-adapter-2","shared usage","0"
"30.1755984","primary-benchmark-adapter","shared usage","24281088"
"30.1756189","other-adapter-1","local usage","0"
"30.1756288","other-adapter-2","local usage","270336"
"30.1756391","primary-benchmark-adapter","local usage","22297567232"
"30.1756603","other-adapter-1","non local usage","0"
"30.1756699","other-adapter-2","non local usage","0"
"30.1756801","primary-benchmark-adapter","non local usage","24281088"
"36.2098498","other-adapter-1","dedicated usage","0"
"36.2099515","other-adapter-2","dedicated usage","270336"
"36.2099628","primary-benchmark-adapter","dedicated usage","22297567232"
"36.2099869","other-adapter-1","shared usage","0"
"36.2099971","other-adapter-2","shared usage","0"
"36.2100077","primary-benchmark-adapter","shared usage","24281088"
"36.2100283","other-adapter-1","local usage","0"
"36.2100385","other-adapter-2","local usage","270336"
"36.2100482","primary-benchmark-adapter","local usage","22297567232"
"36.2100717","other-adapter-1","non local usage","0"
"36.210082","other-adapter-2","non local usage","0"
"36.2100919","primary-benchmark-adapter","non local usage","24281088"
"42.2427154","other-adapter-1","dedicated usage","0"
"42.2428066","other-adapter-2","dedicated usage","270336"
"42.2428371","primary-benchmark-adapter","dedicated usage","22297567232"
"42.2428569","other-adapter-1","shared usage","0"
"42.242867","other-adapter-2","shared usage","0"
"42.2428767","primary-benchmark-adapter","shared usage","24281088"
"42.2428959","other-adapter-1","local usage","0"
"42.242906","other-adapter-2","local usage","270336"
"42.2429156","primary-benchmark-adapter","local usage","22297567232"
"42.2429993","other-adapter-1","non local usage","0"
"42.2430109","other-adapter-2","non local usage","0"
"42.2430208","primary-benchmark-adapter","non local usage","24281088"
"48.2776136","other-adapter-1","dedicated usage","0"
"48.2776873","other-adapter-2","dedicated usage","270336"
"48.2776984","primary-benchmark-adapter","dedicated usage","23072071680"
"48.2777187","other-adapter-1","shared usage","0"
"48.2777287","other-adapter-2","shared usage","0"
"48.2777384","primary-benchmark-adapter","shared usage","51544064"
"48.2777587","other-adapter-1","local usage","0"
"48.2777686","other-adapter-2","local usage","270336"
"48.2777781","primary-benchmark-adapter","local usage","23069646848"
"48.2777991","other-adapter-1","non local usage","0"
"48.2778095","other-adapter-2","non local usage","0"
"48.2778191","primary-benchmark-adapter","non local usage","51544064"
"54.3079804","other-adapter-1","dedicated usage","0"
"54.3080863","other-adapter-2","dedicated usage","270336"
"54.3080977","primary-benchmark-adapter","dedicated usage","23120502784"
"54.3081176","other-adapter-1","shared usage","0"
"54.3081274","other-adapter-2","shared usage","0"
"54.308137","primary-benchmark-adapter","shared usage","57835520"
"54.3081567","other-adapter-1","local usage","0"
"54.3081669","other-adapter-2","local usage","270336"
"54.3081764","primary-benchmark-adapter","local usage","23116832768"
"54.3081983","other-adapter-1","non local usage","0"
"54.3082082","other-adapter-2","non local usage","0"
"54.308582","primary-benchmark-adapter","non local usage","57835520"
"60.329825","other-adapter-1","dedicated usage","0"
"60.3298976","other-adapter-2","dedicated usage","270336"
"60.3299083","primary-benchmark-adapter","dedicated usage","23354335232"
"60.3299284","other-adapter-1","shared usage","0"
"60.3299382","other-adapter-2","shared usage","0"
"60.3299479","primary-benchmark-adapter","shared usage","57860096"
"60.3299673","other-adapter-1","local usage","0"
"60.3299771","other-adapter-2","local usage","270336"
"60.3299865","primary-benchmark-adapter","local usage","23351517184"
"60.3300072","other-adapter-1","non local usage","0"
"60.3300173","other-adapter-2","non local usage","0"
"60.3300267","primary-benchmark-adapter","non local usage","57860096"
"66.3718257","other-adapter-1","dedicated usage","0"
"66.371897","other-adapter-2","dedicated usage","270336"
"66.371908","primary-benchmark-adapter","dedicated usage","23354335232"
"66.3719279","other-adapter-1","shared usage","0"
"66.3719378","other-adapter-2","shared usage","0"
"66.3719474","primary-benchmark-adapter","shared usage","57860096"
"66.3719671","other-adapter-1","local usage","0"
"66.3719773","other-adapter-2","local usage","270336"
"66.3719869","primary-benchmark-adapter","local usage","23351517184"
"66.372008","other-adapter-1","non local usage","0"
"66.3720182","other-adapter-2","non local usage","0"
"66.3720276","primary-benchmark-adapter","non local usage","57860096"
"72.4051527","other-adapter-1","dedicated usage","0"
"72.4052258","other-adapter-2","dedicated usage","270336"
"72.4052368","primary-benchmark-adapter","dedicated usage","22507085824"
"72.4052572","other-adapter-1","shared usage","0"
"72.4052672","other-adapter-2","shared usage","0"
"72.405277","primary-benchmark-adapter","shared usage","47374336"
"72.4052983","other-adapter-1","local usage","0"
"72.4053081","other-adapter-2","local usage","270336"
"72.4053177","primary-benchmark-adapter","local usage","22504267776"
"72.4053401","other-adapter-1","non local usage","0"
"72.4053499","other-adapter-2","non local usage","0"
"72.4053595","primary-benchmark-adapter","non local usage","47374336"
